<?xml version="1.0" encoding="UTF-8"?>
<movies>
	<movie>
		<id>1</id>
		<name>serge</name>
		<coordinates>
			<x>1</x>
			<y>10</y>
		</coordinates>
		<creationDate>Sun Apr 07 09:33:24 MSK 2024</creationDate>
		<oscarsCount>12</oscarsCount>
		<budget>12.0</budget>
		<tagline>zxczxczxc</tagline>
		<genre>FANTASY</genre>
		<screenwriter>
			<name>fsd</name>
			<birthday>1999-01-01</birthday>
			<location>
				<x>1.0</x>
				<y>1.0</y>
				<z>1.0</z>
				<name>1</name>
			</location>
		</screenwriter>
	</movie>
	<movie>
		<id>2</id>
		<name>serge</name>
		<coordinates>
			<x>1</x>
			<y>1</y>
		</coordinates>
		<creationDate>Sun Apr 07 09:33:24 MSK 2024</creationDate>
		<oscarsCount>1</oscarsCount>
		<budget>1.0</budget>
		<tagline>zxczxczxc</tagline>
		<genre>MUSICAL</genre>
		<screenwriter>
			<name>sdf</name>
			<birthday>1999-01-01</birthday>
			<location>
				<x>12.0</x>
				<y>21.0</y>
				<z>2.0</z>
				<name>2</name>
			</location>
		</screenwriter>
	</movie>
	<movie>
		<id>3</id>
		<name>vasya</name>
		<coordinates>
			<x>54</x>
			<y>44</y>
		</coordinates>
		<creationDate>Sun Apr 07 09:33:24 MSK 2024</creationDate>
		<oscarsCount>122</oscarsCount>
		<budget>6767.0</budget>
		<tagline>qwerty</tagline>
		<genre>ADVENTURE</genre>
		<screenwriter>
			<name>roma</name>
			<birthday>2011-11-11</birthday>
			<location>
				<x>3.0</x>
				<y>4.0</y>
				<z>5.0</z>
				<name>russia</name>
			</location>
		</screenwriter>
	</movie>
	<movie>
		<id>4</id>
		<name>alex</name>
		<coordinates>
			<x>4</x>
			<y>5</y>
		</coordinates>
		<creationDate>Sun Apr 07 09:33:24 MSK 2024</creationDate>
		<oscarsCount>1</oscarsCount>
		<budget>1.0</budget>
		<tagline>zxcqwe123</tagline>
		<genre>MUSICAL</genre>
		<screenwriter>
			<name>sdf</name>
			<birthday>1999-01-01</birthday>
			<location>
				<x>12.0</x>
				<y>21.0</y>
				<z>2.0</z>
				<name>2</name>
			</location>
		</screenwriter>
	</movie>
	<movie>
		<id>5</id>
		<name>john</name>
		<coordinates>
			<x>4</x>
			<y>5</y>
		</coordinates>
		<creationDate>Sun Apr 07 09:33:24 MSK 2024</creationDate>
		<oscarsCount>4</oscarsCount>
		<budget>1.0</budget>
		<tagline>LOL</tagline>
		<genre>MUSICAL</genre>
		<screenwriter>
			<name>sdf</name>
			<birthday>1999-01-01</birthday>
			<location>
				<x>12.0</x>
				<y>21.0</y>
				<z>2.0</z>
				<name>2</name>
			</location>
		</screenwriter>
	</movie>
	<movie>
		<id>6</id>
		<name>john</name>
		<coordinates>
			<x>4</x>
			<y>5</y>
		</coordinates>
		<creationDate>Sun Apr 07 09:33:24 MSK 2024</creationDate>
		<oscarsCount>4</oscarsCount>
		<budget>1.0</budget>
		<tagline>qwerty</tagline>
		<genre>MUSICAL</genre>
		<screenwriter>
			<name>sdf</name>
			<birthday>1999-01-01</birthday>
			<location>
				<x>12.0</x>
				<y>21.0</y>
				<z>2.0</z>
				<name>2</name>
			</location>
		</screenwriter>
	</movie>
	<movie>
		<id>7</id>
		<name>Green Elephant</name>
		<coordinates>
			<x>8993</x>
			<y>594</y>
		</coordinates>
		<creationDate>Sun Apr 07 09:33:24 MSK 2024</creationDate>
		<oscarsCount>5</oscarsCount>
		<budget>5.59484915E8</budget>
		<tagline>survive</tagline>
		<genre>THRILLER</genre>
		<screenwriter>
			<name>Kubrick</name>
			<birthday>1944-07-21</birthday>
			<location>
				<x>4257.0</x>
				<y>7948.0</y>
				<z>334.0</z>
				<name>China</name>
			</location>
		</screenwriter>
	</movie>
	<movie>
		<id>8</id>
		<name>Sopranos</name>
		<coordinates>
			<x>5116</x>
			<y>266</y>
		</coordinates>
		<creationDate>Sun Apr 07 09:33:24 MSK 2024</creationDate>
		<oscarsCount>2</oscarsCount>
		<budget>5.74490011E8</budget>
		<tagline>hope</tagline>
		<genre>MUSICAL</genre>
		<screenwriter>
			<name>Scorsese</name>
			<birthday>1999-04-07</birthday>
			<location>
				<x>5489.0</x>
				<y>4614.0</y>
				<z>9350.0</z>
				<name>France</name>
			</location>
		</screenwriter>
	</movie>
	<movie>
		<id>9</id>
		<name>Wolf From Wall Street</name>
		<coordinates>
			<x>9908</x>
			<y>329</y>
		</coordinates>
		<creationDate>Sun Apr 07 09:33:24 MSK 2024</creationDate>
		<oscarsCount>3</oscarsCount>
		<budget>2.36114857E8</budget>
		<tagline>kill</tagline>
		<genre>MUSICAL</genre>
		<screenwriter>
			<name>Tarantino</name>
			<birthday>1963-10-07</birthday>
			<location>
				<x>5411.0</x>
				<y>6372.0</y>
				<z>8816.0</z>
				<name>Germany</name>
			</location>
		</screenwriter>
	</movie>
	<movie>
		<id>10</id>
		<name>Star Wars</name>
		<coordinates>
			<x>918</x>
			<y>64</y>
		</coordinates>
		<creationDate>Sun Apr 07 09:33:24 MSK 2024</creationDate>
		<oscarsCount>4</oscarsCount>
		<budget>8.55604586E8</budget>
		<tagline>survive</tagline>
		<genre>FANTASY</genre>
		<screenwriter>
			<name>Kubrick</name>
			<birthday>1956-10-16</birthday>
			<location>
				<x>9064.0</x>
				<y>4581.0</y>
				<z>8576.0</z>
				<name>Korea</name>
			</location>
		</screenwriter>
	</movie>
	<movie>
		<id>11</id>
		<name>Green Elephant</name>
		<coordinates>
			<x>5658</x>
			<y>399</y>
		</coordinates>
		<creationDate>Sun Apr 07 09:33:24 MSK 2024</creationDate>
		<oscarsCount>5</oscarsCount>
		<budget>9.38029281E8</budget>
		<tagline>lose</tagline>
		<genre>MUSICAL</genre>
		<screenwriter>
			<name>Bondarchuk</name>
			<birthday>1955-03-04</birthday>
			<location>
				<x>9374.0</x>
				<y>8252.0</y>
				<z>6371.0</z>
				<name>Korea</name>
			</location>
		</screenwriter>
	</movie>
	<movie>
		<id>12</id>
		<name>Sherlock</name>
		<coordinates>
			<x>9975</x>
			<y>129</y>
		</coordinates>
		<creationDate>Sun Apr 07 09:33:24 MSK 2024</creationDate>
		<oscarsCount>4</oscarsCount>
		<budget>5.31222281E8</budget>
		<tagline>lose</tagline>
		<genre>TRAGEDY</genre>
		<screenwriter>
			<name>Bondarchuk</name>
			<birthday>1961-07-25</birthday>
			<location>
				<x>2119.0</x>
				<y>402.0</y>
				<z>839.0</z>
				<name>Britain</name>
			</location>
		</screenwriter>
	</movie>
	<movie>
		<id>13</id>
		<name>Brat</name>
		<coordinates>
			<x>1150</x>
			<y>285</y>
		</coordinates>
		<creationDate>Sun Apr 07 09:33:24 MSK 2024</creationDate>
		<oscarsCount>2</oscarsCount>
		<budget>9.59712544E8</budget>
		<tagline>solve</tagline>
		<genre>FANTASY</genre>
		<screenwriter>
			<name>Lynch</name>
			<birthday>1995-04-17</birthday>
			<location>
				<x>2645.0</x>
				<y>4830.0</y>
				<z>4997.0</z>
				<name>Britain</name>
			</location>
		</screenwriter>
	</movie>
	<movie>
		<id>14</id>
		<name>Wolf From Wall Street</name>
		<coordinates>
			<x>9272</x>
			<y>40</y>
		</coordinates>
		<creationDate>Sun Apr 07 09:33:24 MSK 2024</creationDate>
		<oscarsCount>1</oscarsCount>
		<budget>2.73752871E8</budget>
		<tagline>solve</tagline>
		<genre>ADVENTURE</genre>
		<screenwriter>
			<name>Bondarchuk</name>
			<birthday>1993-09-19</birthday>
			<location>
				<x>5874.0</x>
				<y>8763.0</y>
				<z>3435.0</z>
				<name>China</name>
			</location>
		</screenwriter>
	</movie>
	<movie>
		<id>15</id>
		<name>Star Wars</name>
		<coordinates>
			<x>6488</x>
			<y>161</y>
		</coordinates>
		<creationDate>Sun Apr 07 09:33:24 MSK 2024</creationDate>
		<oscarsCount>1</oscarsCount>
		<budget>5.76129189E8</budget>
		<tagline>win</tagline>
		<genre>THRILLER</genre>
		<screenwriter>
			<name>Balabanov</name>
			<birthday>1968-05-19</birthday>
			<location>
				<x>467.0</x>
				<y>7084.0</y>
				<z>9606.0</z>
				<name>China</name>
			</location>
		</screenwriter>
	</movie>
	<movie>
		<id>16</id>
		<name>Star Wars</name>
		<coordinates>
			<x>1612</x>
			<y>76</y>
		</coordinates>
		<creationDate>Sun Apr 07 09:33:24 MSK 2024</creationDate>
		<oscarsCount>1</oscarsCount>
		<budget>2.72052355E8</budget>
		<tagline>solve</tagline>
		<genre>THRILLER</genre>
		<screenwriter>
			<name>Bondarchuk</name>
			<birthday>1964-06-25</birthday>
			<location>
				<x>77.0</x>
				<y>6463.0</y>
				<z>5720.0</z>
				<name>France</name>
			</location>
		</screenwriter>
	</movie>
	<movie>
		<id>17</id>
		<name>Sopranos</name>
		<coordinates>
			<x>7921</x>
			<y>277</y>
		</coordinates>
		<creationDate>Sun Apr 07 09:33:24 MSK 2024</creationDate>
		<oscarsCount>1</oscarsCount>
		<budget>4.40862021E8</budget>
		<tagline>die</tagline>
		<genre>FANTASY</genre>
		<screenwriter>
			<name>Bondarchuk</name>
			<birthday>1969-05-04</birthday>
			<location>
				<x>6465.0</x>
				<y>5686.0</y>
				<z>2794.0</z>
				<name>China</name>
			</location>
		</screenwriter>
	</movie>
	<movie>
		<id>18</id>
		<name>Sherlock</name>
		<coordinates>
			<x>1069</x>
			<y>529</y>
		</coordinates>
		<creationDate>Sun Apr 07 09:33:24 MSK 2024</creationDate>
		<oscarsCount>5</oscarsCount>
		<budget>4.33266272E8</budget>
		<tagline>solve</tagline>
		<genre>ADVENTURE</genre>
		<screenwriter>
			<name>Scorsese</name>
			<birthday>1994-04-25</birthday>
			<location>
				<x>2309.0</x>
				<y>6698.0</y>
				<z>2321.0</z>
				<name>China</name>
			</location>
		</screenwriter>
	</movie>
	<movie>
		<id>19</id>
		<name>Sherlock</name>
		<coordinates>
			<x>5210</x>
			<y>37</y>
		</coordinates>
		<creationDate>Sun Apr 07 09:33:24 MSK 2024</creationDate>
		<oscarsCount>3</oscarsCount>
		<budget>9.36608787E8</budget>
		<tagline>lose</tagline>
		<genre>MUSICAL</genre>
		<screenwriter>
			<name>Lynch</name>
			<birthday>1975-10-05</birthday>
			<location>
				<x>2962.0</x>
				<y>5171.0</y>
				<z>1277.0</z>
				<name>France</name>
			</location>
		</screenwriter>
	</movie>
	<movie>
		<id>20</id>
		<name>Star Wars</name>
		<coordinates>
			<x>6528</x>
			<y>124</y>
		</coordinates>
		<creationDate>Sun Apr 07 09:33:24 MSK 2024</creationDate>
		<oscarsCount>2</oscarsCount>
		<budget>9.79991732E8</budget>
		<tagline>hope</tagline>
		<genre>TRAGEDY</genre>
		<screenwriter>
			<name>Kubrick</name>
			<birthday>1961-01-11</birthday>
			<location>
				<x>4766.0</x>
				<y>3534.0</y>
				<z>8742.0</z>
				<name>Italy</name>
			</location>
		</screenwriter>
	</movie>
	<movie>
		<id>100</id>
		<name>serge</name>
		<coordinates>
			<x>1</x>
			<y>1</y>
		</coordinates>
		<creationDate>Sun Apr 07 09:33:24 MSK 2024</creationDate>
		<oscarsCount>1</oscarsCount>
		<budget>1.0</budget>
		<tagline>zxczxczxc</tagline>
		<genre>MUSICAL</genre>
		<screenwriter>
			<name>sdf</name>
			<birthday>1999-01-01</birthday>
			<location>
				<x>12.0</x>
				<y>21.0</y>
				<z>2.0</z>
				<name>2</name>
			</location>
		</screenwriter>
	</movie>
	<movie>
		<id>21</id>
		<name>Wolf From Wall Street</name>
		<coordinates>
			<x>1160</x>
			<y>1</y>
		</coordinates>
		<creationDate>Sun Apr 07 09:33:32 MSK 2024</creationDate>
		<oscarsCount>5</oscarsCount>
		<budget>9.2298064E8</budget>
		<tagline>kill</tagline>
		<genre>FANTASY</genre>
		<screenwriter>
			<name>Balabanov</name>
			<birthday>1956-01-25</birthday>
			<location>
				<x>3022.0</x>
				<y>2756.0</y>
				<z>2103.0</z>
				<name>China</name>
			</location>
		</screenwriter>
	</movie>
	<movie>
		<id>22</id>
		<name>Breaking Bad</name>
		<coordinates>
			<x>8999</x>
			<y>598</y>
		</coordinates>
		<creationDate>Sun Apr 07 09:33:32 MSK 2024</creationDate>
		<oscarsCount>4</oscarsCount>
		<budget>2.42279466E8</budget>
		<tagline>solve</tagline>
		<genre>ADVENTURE</genre>
		<screenwriter>
			<name>Balabanov</name>
			<birthday>1975-05-25</birthday>
			<location>
				<x>4484.0</x>
				<y>2082.0</y>
				<z>4575.0</z>
				<name>Russia</name>
			</location>
		</screenwriter>
	</movie>
	<movie>
		<id>23</id>
		<name>Brat</name>
		<coordinates>
			<x>9482</x>
			<y>538</y>
		</coordinates>
		<creationDate>Sun Apr 07 09:33:32 MSK 2024</creationDate>
		<oscarsCount>5</oscarsCount>
		<budget>5.85136138E8</budget>
		<tagline>win</tagline>
		<genre>TRAGEDY</genre>
		<screenwriter>
			<name>Tarantino</name>
			<birthday>1963-04-21</birthday>
			<location>
				<x>6718.0</x>
				<y>8513.0</y>
				<z>8922.0</z>
				<name>Britain</name>
			</location>
		</screenwriter>
	</movie>
	<movie>
		<id>24</id>
		<name>Sherlock</name>
		<coordinates>
			<x>4103</x>
			<y>465</y>
		</coordinates>
		<creationDate>Sun Apr 07 09:33:32 MSK 2024</creationDate>
		<oscarsCount>4</oscarsCount>
		<budget>6.11883594E8</budget>
		<tagline>lose</tagline>
		<genre>THRILLER</genre>
		<screenwriter>
			<name>Scorsese</name>
			<birthday>1971-11-06</birthday>
			<location>
				<x>417.0</x>
				<y>6197.0</y>
				<z>2793.0</z>
				<name>Usa</name>
			</location>
		</screenwriter>
	</movie>
	<movie>
		<id>25</id>
		<name>Wolf From Wall Street</name>
		<coordinates>
			<x>8519</x>
			<y>224</y>
		</coordinates>
		<creationDate>Sun Apr 07 09:33:32 MSK 2024</creationDate>
		<oscarsCount>5</oscarsCount>
		<budget>1.19626241E8</budget>
		<tagline>kill</tagline>
		<genre>THRILLER</genre>
		<screenwriter>
			<name>Lynch</name>
			<birthday>1972-03-05</birthday>
			<location>
				<x>5559.0</x>
				<y>7765.0</y>
				<z>6492.0</z>
				<name>France</name>
			</location>
		</screenwriter>
	</movie>
	<movie>
		<id>26</id>
		<name>Brat</name>
		<coordinates>
			<x>5468</x>
			<y>187</y>
		</coordinates>
		<creationDate>Sun Apr 07 09:33:32 MSK 2024</creationDate>
		<oscarsCount>4</oscarsCount>
		<budget>1.60111487E8</budget>
		<tagline>love</tagline>
		<genre>THRILLER</genre>
		<screenwriter>
			<name>Balabanov</name>
			<birthday>1974-11-21</birthday>
			<location>
				<x>8305.0</x>
				<y>4074.0</y>
				<z>2857.0</z>
				<name>Italy</name>
			</location>
		</screenwriter>
	</movie>
	<movie>
		<id>27</id>
		<name>Sherlock</name>
		<coordinates>
			<x>9180</x>
			<y>236</y>
		</coordinates>
		<creationDate>Sun Apr 07 09:33:32 MSK 2024</creationDate>
		<oscarsCount>1</oscarsCount>
		<budget>2.35747238E8</budget>
		<tagline>die</tagline>
		<genre>THRILLER</genre>
		<screenwriter>
			<name>Scorsese</name>
			<birthday>1951-11-01</birthday>
			<location>
				<x>8244.0</x>
				<y>9595.0</y>
				<z>2131.0</z>
				<name>Italy</name>
			</location>
		</screenwriter>
	</movie>
	<movie>
		<id>28</id>
		<name>Green Elephant</name>
		<coordinates>
			<x>1686</x>
			<y>540</y>
		</coordinates>
		<creationDate>Sun Apr 07 09:33:32 MSK 2024</creationDate>
		<oscarsCount>2</oscarsCount>
		<budget>3.9927814E8</budget>
		<tagline>die</tagline>
		<genre>ADVENTURE</genre>
		<screenwriter>
			<name>Nolan</name>
			<birthday>1985-04-05</birthday>
			<location>
				<x>4912.0</x>
				<y>3711.0</y>
				<z>5414.0</z>
				<name>Germany</name>
			</location>
		</screenwriter>
	</movie>
	<movie>
		<id>29</id>
		<name>Sherlock</name>
		<coordinates>
			<x>9442</x>
			<y>272</y>
		</coordinates>
		<creationDate>Sun Apr 07 09:33:32 MSK 2024</creationDate>
		<oscarsCount>4</oscarsCount>
		<budget>8.22962962E8</budget>
		<tagline>survive</tagline>
		<genre>THRILLER</genre>
		<screenwriter>
			<name>Scorsese</name>
			<birthday>1942-07-05</birthday>
			<location>
				<x>7273.0</x>
				<y>9409.0</y>
				<z>6171.0</z>
				<name>Britain</name>
			</location>
		</screenwriter>
	</movie>
	<movie>
		<id>30</id>
		<name>Green Elephant</name>
		<coordinates>
			<x>1759</x>
			<y>524</y>
		</coordinates>
		<creationDate>Sun Apr 07 09:33:32 MSK 2024</creationDate>
		<oscarsCount>3</oscarsCount>
		<budget>2.05259428E8</budget>
		<tagline>hope</tagline>
		<genre>TRAGEDY</genre>
		<screenwriter>
			<name>Lynch</name>
			<birthday>1991-03-20</birthday>
			<location>
				<x>8842.0</x>
				<y>7439.0</y>
				<z>6253.0</z>
				<name>Italy</name>
			</location>
		</screenwriter>
	</movie>
</movies>
